Plot,Crop_ID,Corn_weed_management,Rot,Variety,Planted,Harvested,lb_p_plot,Moisture, bu_p_acre,Standard_moistrure,Standardized_yield_MgpHa,Standardized_yield_bu_ac,Year
13,S2,conv,2-year,Latham 2758,16-May-17,19-Oct-17,263,11.5,48.86290176,13,3.283586998,48.86290176,2017
13,S2,low,2-year,Latham 2758,16-May-17,19-Oct-17,282,12.5,51.80091087,13,3.48102121,51.80091087,2017
16,S3,conv,3-year,Latham 2758,16-May-17,19-Oct-17,353,12.3,64.9911967,13,4.367408418,64.9911967,2017
16,S3,low,3-year,Latham 2758,16-May-17,19-Oct-17,380,11.9,70.28129256,13,4.72290286,70.28129256,2017
17,S4,conv,4-year,Latham 2758,16-May-17,19-Oct-17,393,12.1,72.52064541,13,4.873387372,72.52064541,2017
17,S4,low,4-year,Latham 2758,16-May-17,19-Oct-17,390,11.9,72.13080026,13,4.847189777,72.13080026,2017
22,S4,conv,4-year,Latham 2758,16-May-17,19-Oct-17,378,12.1,69.75268185,13,4.68738022,69.75268185,2017
22,S4,low,4-year,Latham 2758,16-May-17,19-Oct-17,397,12.4,73.0087391,13,4.906187268,73.0087391,2017
24,S2,conv,2-year,Latham 2758,16-May-17,19-Oct-17,365,12.8,66.81740187,13,4.490129405,66.81740187,2017
24,S2,low,2-year,Latham 2758,16-May-17,19-Oct-17,308,12.8,56.38290349,13,3.788931115,56.38290349,2017
25,S3,conv,3-year,Latham 2758,16-May-17,19-Oct-17,317,13.7,57.43151768,13,3.859397988,57.43151768,2017
25,S3,low,3-year,Latham 2758,16-May-17,19-Oct-17,316,14.1,56.98499067,13,3.829391373,56.98499067,2017
33,S3,conv,3-year,Latham 2758,16-May-17,19-Oct-17,349,12.4,64.18148601,13,4.31299586,64.18148601,2017
33,S3,low,3-year,Latham 2758,16-May-17,19-Oct-17,323,12.9,59.06101583,13,3.968900264,59.06101583,2017
34,S2,conv,2-year,Latham 2758,16-May-17,19-Oct-17,345,13.4,62.72161353,13,4.214892429,62.72161353,2017
34,S2,low,2-year,Latham 2758,16-May-17,19-Oct-17,370,13.3,67.34433312,13,4.525539185,67.34433312,2017
39,S4,conv,4-year,Latham 2758,16-May-17,19-Oct-17,409,12.2,75.38727738,13,5.06602504,75.38727738,2017
39,S4,low,4-year,Latham 2758,16-May-17,19-Oct-17,430,12.7,78.80666233,13,5.295807709,78.80666233,2017
41,S4,conv,4-year,Latham 2758,16-May-17,19-Oct-17,405,12,74.82003904,13,5.027906623,74.82003904,2017
41,S4,low,4-year,Latham 2758,16-May-17,19-Oct-17,383,11.8,70.91654912,13,4.765592101,70.91654912,2017
42,S3,conv,3-year,Latham 2758,16-May-17,19-Oct-17,402,12,74.26581653,13,4.990662871,74.26581653,2017
42,S3,low,3-year,Latham 2758,16-May-17,19-Oct-17,416,12.1,76.76485621,13,5.158598338,76.76485621,2017
44,S2,conv,2-year,Latham 2758,16-May-17,19-Oct-17,332,12.9,60.70667881,13,4.079488816,60.70667881,2017
44,S2,low,2-year,Latham 2758,16-May-17,19-Oct-17,358,13.2,65.23534851,13,4.38381542,65.23534851,2017
11,S3,conv,3-year,Latham 2758,17-May-18,29-Oct-18,257.5,12.7,47.19236174,13,3.171326709,47.19236174,2018
11,S3,low,3-year,Latham 2758,17-May-18,29-Oct-18,215.1,12.6,39.46681483,13,2.652169957,39.46681483,2018
14,S4,conv,4-year,Latham 2758,17-May-18,29-Oct-18,244.5,12.5,44.91249187,13,3.018119453,44.91249187,2018
14,S4,low,4-year,Latham 2758,17-May-18,29-Oct-18,257.1,12.7,47.11905322,13,3.166400376,47.11905322,2018
19,S2,conv,2-year,Latham 2758,17-May-18,29-Oct-18,165.8,12.8,30.35157597,13,2.039625905,30.35157597,2018
19,S2,low,2-year,Latham 2758,17-May-18,29-Oct-18,195.9,12.8,35.86172336,13,2.40990781,35.86172336,2018
23,S3,conv,3-year,Latham 2758,17-May-18,29-Oct-18,228.3,13,41.6970566,13,2.802042204,41.6970566,2018
23,S3,low,3-year,Latham 2758,17-May-18,29-Oct-18,246.9,13,45.09418868,13,3.030329479,45.09418868,2018
27,S2,conv,2-year,Latham 2758,17-May-18,29-Oct-18,210.7,13.2,38.39410037,13,2.580083545,38.39410037,2018
27,S2,low,2-year,Latham 2758,17-May-18,29-Oct-18,223.2,13,40.76558491,13,2.739447306,40.76558491,2018
29,S4,conv,4-year,Latham 2758,17-May-18,29-Oct-18,255.7,13,46.70143396,13,3.138336362,46.70143396,2018
29,S4,low,4-year,Latham 2758,17-May-18,29-Oct-18,297.9,12.9,54.47144463,13,3.660481079,54.47144463,2018
32,S4,conv,4-year,Latham 2758,17-May-18,29-Oct-18,301.5,12.8,55.19300455,13,3.708969906,55.19300455,2018
32,S4,low,4-year,Latham 2758,17-May-18,29-Oct-18,206.2,12.8,37.74725552,13,2.536615571,37.74725552,2018
35,S2,conv,2-year,Latham 2758,17-May-18,29-Oct-18,190.3,12.6,34.91648007,13,2.346387461,34.91648007,2018
35,S2,low,2-year,Latham 2758,17-May-18,29-Oct-18,170.5,12.5,31.31934504,13,2.104659987,31.31934504,2018
38,S3,conv,3-year,Latham 2758,17-May-18,29-Oct-18,237.4,12.6,43.5584465,13,2.927127605,43.5584465,2018
38,S3,low,3-year,Latham 2758,17-May-18,29-Oct-18,222.7,12.7,40.81452023,13,2.74273576,40.81452023,2018
45,S2,conv,2-year,Latham 2758,17-May-18,29-Oct-18,199.5,12.7,36.56262589,13,2.45700846,36.56262589,2018
45,S2,low,2-year,Latham 2758,17-May-18,29-Oct-18,186.2,12.7,34.1251175,13,2.293207896,34.1251175,2018
48,S3,conv,3-year,Latham 2758,17-May-18,29-Oct-18,133.1,12.7,24.39341106,13,1.639237223,24.39341106,2018
48,S3,low,3-year,Latham 2758,17-May-18,29-Oct-18,154.6,12.8,28.30128857,13,1.901846592,28.30128857,2018
49,S4,conv,4-year,Latham 2758,17-May-18,29-Oct-18,159,12.5,40.73593466,13,2.737454809,40.73593466,2018
49,S4,low,4-year,Latham 2758,17-May-18,29-Oct-18,130.6,12.4,33.49807042,13,2.251070332,33.49807042,2018
13,S2,conv,2-year,Latham 2758,10-Jun-19,18-Oct-19,294.3,13.8,2780.022213,13,3.578879171,53.25713051,2019
13,S2,low,2-year,Latham 2758,10-Jun-19,18-Oct-19,294,13.9,2773.966551,13,3.571083376,53.14112167,2019
15,S3,conv,3-year,Latham 2758,10-Jun-19,18-Oct-19,223.5,14.3,3148.475706,13,4.053210104,60.31562655,2019
15,S3,low,3-year,Latham 2758,10-Jun-19,18-Oct-19,332.3,14.3,3120.770998,13,4.017544273,59.78488501,2019
18,S4,conv,4-year,Latham 2758,10-Jun-19,18-Oct-19,332.9,14.3,3126.405854,13,4.02479834,59.89283244,2019
18,S4,low,4-year,Latham 2758,10-Jun-19,18-Oct-19,334.7,14.3,3143.310421,13,4.046560542,60.21667473,2019
24,S2,conv,2-year,Latham 2758,10-Jun-19,18-Oct-19,304.5,14.2,2863.026204,13,3.685734883,54.84724528,2019
24,S2,low,2-year,Latham 2758,10-Jun-19,18-Oct-19,303.3,14,2858.390762,13,3.679767418,54.75844372,2019
26,S3,conv,3-year,Latham 2758,10-Jun-19,18-Oct-19,322.2,14.4,3022.386765,13,3.890888709,57.9001296,2019
26,S3,low,3-year,Latham 2758,10-Jun-19,18-Oct-19,319.8,14.5,2996.369117,13,3.857394725,57.40170722,2019
28,S4,conv,4-year,Latham 2758,10-Jun-19,18-Oct-19,364.1,14.6,3407.448398,13,4.386600237,65.27678924,2019
28,S4,low,4-year,Latham 2758,10-Jun-19,18-Oct-19,346.7,14.5,3248.408921,13,4.18185976,62.23005595,2019
34,S2,conv,2-year,Latham 2758,10-Jun-19,18-Oct-19,318,14,2996.928,13,3.858114207,57.41241379,2019
34,S2,low,2-year,Latham 2758,10-Jun-19,18-Oct-19,298.4,13.9,2815.481697,13,3.624528161,53.93643097,2019
36,S3,conv,3-year,Latham 2758,10-Jun-19,18-Oct-19,314.5,13.9,2967.389389,13,3.820087489,56.84654001,2019
36,S3,low,3-year,Latham 2758,10-Jun-19,18-Oct-19,310.7,14,2928.130596,13,3.769547434,56.09445587,2019
37,S4,conv,4-year,Latham 2758,10-Jun-19,18-Oct-19,345.8,14.2,3251.3447,13,4.185639155,62.28629694,2019
37,S4,low,4-year,Latham 2758,10-Jun-19,18-Oct-19,347.8,14,3277.772196,13,4.219660758,62.79257081,2019
44,S2,conv,2-year,Latham 2758,10-Jun-19,18-Oct-19,302.8,13.7,2863.633304,13,3.686516438,54.85887556,2019
44,S2,low,2-year,Latham 2758,10-Jun-19,18-Oct-19,312.8,13.8,2954.777262,13,3.803851188,56.60492839,2019
46,S4,conv,4-year,Latham 2758,10-Jun-19,18-Oct-19,301.3,13.7,3419.337046,13,4.401905162,65.50454111,2019
46,S4,low,4-year,Latham 2758,10-Jun-19,18-Oct-19,354.6,13.8,3349.629211,13,4.31216634,64.16914196,2019
47,S3,conv,3-year,Latham 2758,10-Jun-19,18-Oct-19,341.6,13.7,3230.571786,13,4.158897011,61.88834838,2019
47,S3,low,3-year,Latham 2758,10-Jun-19,18-Oct-19,342.6,13.8,3236.274584,13,4.166238545,61.9975974,2019
12,S4,conv,4-year,Latham 2758,13-May-20,23-Sep-20,332.8,11.7,59.44802575,13,3.99490733,59.44802575,2020
12,S4,low,4-year,Latham 2758,13-May-20,23-Sep-20,318.5,12.2,56.57145747,13,3.801601942,56.57145747,2020
16,S3,conv,3-year,Latham 2758,13-May-20,23-Sep-20,291.5,12.5,51.59885057,13,3.467442759,51.59885057,2020
16,S3,low,3-year,Latham 2758,13-May-20,23-Sep-20,295.7,12.5,52.34229885,13,3.517402483,52.34229885,2020
19,S2,conv,2-year,Latham 2758,13-May-20,23-Sep-20,316.1,12.8,55.76149333,13,3.747172352,55.76149333,2020
19,S2,low,2-year,Latham 2758,13-May-20,23-Sep-20,317.5,13.2,55.75154023,13,3.746503503,55.75154023,2020
21,S4,conv,4-year,Latham 2758,13-May-20,23-Sep-20,318.6,12.2,56.58921931,13,3.802795538,56.58921931,2020
21,S4,low,4-year,Latham 2758,13-May-20,23-Sep-20,321.3,11.8,57.32878345,13,3.852494248,57.32878345,2020
25,S3,conv,3-year,Latham 2758,13-May-20,23-Sep-20,301,12.7,53.15867586,13,3.572263018,53.15867586,2020
25,S3,low,3-year,Latham 2758,13-May-20,23-Sep-20,314.3,12.4,55.69829517,13,3.742925436,55.69829517,2020
27,S2,conv,2-year,Latham 2758,13-May-20,23-Sep-20,338.2,13.3,59.31794759,13,3.986166078,59.31794759,2020
27,S2,low,2-year,Latham 2758,13-May-20,23-Sep-20,332.6,13.4,58.26846161,13,3.91564062,58.26846161,2020
31,S4,conv,4-year,Latham 2758,13-May-20,23-Sep-20,307.7,12,54.77767356,13,3.681059663,54.77767356,2020
31,S4,low,4-year,Latham 2758,13-May-20,23-Sep-20,312.5,12,55.63218391,13,3.738482759,55.63218391,2020
33,S3,conv,3-year,Latham 2758,13-May-20,23-Sep-20,256.1,15.6,43.72657287,13,2.938425697,43.72657287,2020
33,S3,low,3-year,Latham 2758,13-May-20,23-Sep-20,264.9,13.2,46.51522207,13,3.125822923,46.51522207,2020
35,S2,conv,2-year,Latham 2758,13-May-20,23-Sep-20,319.3,12.5,56.51977011,13,3.798128552,56.51977011,2020
35,S2,low,2-year,Latham 2758,13-May-20,23-Sep-20,329.2,12.2,58.47197425,13,3.92931667,58.47197425,2020
42,S3,conv,3-year,Latham 2758,13-May-20,23-Sep-20,362.6,12.4,64.25772138,13,4.318118877,64.25772138,2020
42,S3,low,3-year,Latham 2758,13-May-20,23-Sep-20,369.8,12.5,65.45885057,13,4.398834759,65.45885057,2020
43,S4,conv,4-year,Latham 2758,13-May-20,23-Sep-20,367.1,12.7,64.83239172,13,4.356736724,64.83239172,2020
43,S4,low,4-year,Latham 2758,13-May-20,23-Sep-20,364.5,12.9,64.22573793,13,4.315969589,64.22573793,2020
45,S2,conv,2-year,Latham 2758,13-May-20,23-Sep-20,336.6,13,59.2416,13,3.98103552,59.2416,2020
45,S2,low,2-year,Latham 2758,13-May-20,23-Sep-20,330.1,13.2,57.9640423,13,3.895183642,57.9640423,2020